"Pais","TCI","TDH","TMA"
"Italia","A favor","A favor","Neutral"
"Italia","Neutral","Neutral","Neutral"
"Italia","Neutral","En contra","En contra"
"Italia","Neutral","A favor","A favor"
"Italia","A favor","En contra","En contra"
"Italia","A favor","En contra","En contra"
"Italia","A favor","A favor","Neutral"
"Italia","Neutral","En contra","Neutral"
"Italia","A favor","A favor","Neutral"
"Italia","Neutral","A favor","A favor"
"Italia","A favor","Neutral","En contra"
"Italia","En contra","A favor","En contra"
"Italia","En contra","Neutral","Neutral"
"Italia","A favor","Neutral","Neutral"
"Italia","En contra","A favor","En contra"
"Italia","En contra","A favor","Neutral"
"Italia","A favor","En contra","Neutral"
"Italia","A favor","Neutral","Neutral"
"Italia","A favor","Neutral","Neutral"
"Italia","A favor","Neutral","Neutral"
"Italia","A favor","En contra","A favor"
"Italia","En contra","En contra","En contra"
"Italia","A favor","A favor","A favor"
"Italia","A favor","En contra","Neutral"
"Italia","En contra","A favor","A favor"
"Italia","A favor","En contra","En contra"
"Italia","Neutral","A favor","En contra"
"Italia","Neutral","Neutral","A favor"
"Italia","En contra","Neutral","A favor"
"Italia","En contra","A favor","A favor"
"Italia","Neutral","Neutral","Neutral"
"Italia","En contra","En contra","En contra"
"Italia","Neutral","En contra","A favor"
"Italia","Neutral","Neutral","Neutral"
"Italia","En contra","A favor","En contra"
"Italia","Neutral","En contra","En contra"
"Italia","Neutral","Neutral","Neutral"
"Italia","A favor","A favor","Neutral"
"Italia","En contra","A favor","A favor"
"Italia","A favor","Neutral","A favor"
"Italia","A favor","Neutral","En contra"
"Italia","Neutral","Neutral","A favor"
"Italia","A favor","A favor","Neutral"
"Italia","A favor","En contra","En contra"
"Italia","En contra","En contra","En contra"
"Italia","Neutral","En contra","A favor"
"Italia","Neutral","A favor","A favor"
"Italia","Neutral","Neutral","Neutral"
"Italia","En contra","A favor","Neutral"
"Italia","En contra","Neutral","Neutral"
"Italia","Neutral","A favor","En contra"
"Italia","Neutral","A favor","En contra"
"Italia","A favor","A favor","En contra"
"Italia","En contra","A favor","Neutral"
"Italia","En contra","En contra","Neutral"
"Italia","Neutral","En contra","En contra"
"Italia","A favor","En contra","A favor"
"Italia","Neutral","Neutral","A favor"
"Italia","En contra","A favor","A favor"
"Italia","En contra","A favor","Neutral"
"Italia","Neutral","En contra","A favor"
"Italia","Neutral","En contra","A favor"
"Italia","A favor","A favor","En contra"
"Italia","Neutral","A favor","Neutral"
"Italia","A favor","A favor","A favor"
"Italia","En contra","Neutral","En contra"
"Italia","En contra","Neutral","A favor"
"Italia","En contra","A favor","A favor"
"Italia","A favor","A favor","En contra"
"Italia","Neutral","A favor","En contra"
"Italia","En contra","En contra","Neutral"
"Italia","En contra","Neutral","En contra"
"Italia","Neutral","En contra","Neutral"
"Italia","En contra","Neutral","Neutral"
"Italia","A favor","A favor","Neutral"
"Italia","Neutral","En contra","En contra"
"Italia","En contra","A favor","Neutral"
"Italia","Neutral","En contra","Neutral"
"Italia","Neutral","Neutral","En contra"
"Italia","En contra","A favor","Neutral"
"Italia","Neutral","En contra","En contra"
"Italia","En contra","En contra","A favor"
"Italia","A favor","En contra","Neutral"
"Italia","En contra","Neutral","A favor"
"Italia","A favor","En contra","Neutral"
"Italia","Neutral","En contra","En contra"
"Italia","Neutral","En contra","En contra"
"Italia","En contra","En contra","Neutral"
"Italia","En contra","Neutral","Neutral"
"Italia","En contra","En contra","Neutral"
"Italia","A favor","Neutral","A favor"
"Italia","A favor","En contra","A favor"
"Italia","Neutral","Neutral","A favor"
"Italia","Neutral","En contra","En contra"
"Italia","En contra","Neutral","A favor"
"Italia","A favor","Neutral","Neutral"
"Italia","En contra","Neutral","A favor"
"Italia","En contra","A favor","A favor"
"Italia","Neutral","Neutral","A favor"
"Italia","A favor","A favor","En contra"
"Canadá","A favor","A favor","Neutral"
"Canadá","A favor","Neutral","En contra"
"Canadá","A favor","A favor","Neutral"
"Canadá","Neutral","En contra","A favor"
"Canadá","A favor","Neutral","Neutral"
"Canadá","Neutral","A favor","A favor"
"Canadá","Neutral","En contra","Neutral"
"Canadá","Neutral","En contra","Neutral"
"Canadá","En contra","A favor","En contra"
"Canadá","A favor","Neutral","En contra"
"Canadá","A favor","A favor","En contra"
"Canadá","A favor","Neutral","En contra"
"Canadá","A favor","En contra","En contra"
"Canadá","Neutral","Neutral","A favor"
"Canadá","A favor","A favor","Neutral"
"Canadá","En contra","A favor","En contra"
"Canadá","Neutral","Neutral","En contra"
"Canadá","En contra","A favor","En contra"
"Canadá","Neutral","A favor","A favor"
"Canadá","A favor","A favor","A favor"
"Canadá","A favor","En contra","En contra"
"Canadá","En contra","A favor","En contra"
"Canadá","A favor","A favor","A favor"
"Canadá","En contra","A favor","En contra"
"Canadá","Neutral","Neutral","A favor"
"Canadá","Neutral","A favor","A favor"
"Canadá","En contra","Neutral","A favor"
"Canadá","En contra","Neutral","A favor"
"Canadá","Neutral","En contra","Neutral"
"Canadá","En contra","En contra","A favor"
"Canadá","En contra","En contra","En contra"
"Canadá","A favor","A favor","Neutral"
"Canadá","A favor","A favor","En contra"
"Canadá","A favor","A favor","En contra"
"Canadá","Neutral","A favor","En contra"
"Canadá","A favor","En contra","A favor"
"Canadá","A favor","A favor","A favor"
"Canadá","A favor","A favor","A favor"
"Canadá","En contra","A favor","Neutral"
"Canadá","A favor","Neutral","A favor"
"Canadá","Neutral","En contra","En contra"
"Canadá","A favor","A favor","En contra"
"Canadá","A favor","A favor","A favor"
"Canadá","En contra","Neutral","Neutral"
"Canadá","A favor","Neutral","Neutral"
"Canadá","Neutral","Neutral","Neutral"
"Canadá","A favor","Neutral","Neutral"
"Canadá","En contra","A favor","Neutral"
"Canadá","En contra","Neutral","En contra"
"Canadá","Neutral","En contra","Neutral"
"Canadá","Neutral","Neutral","Neutral"
"Canadá","En contra","Neutral","A favor"
"Canadá","En contra","Neutral","A favor"
"Canadá","En contra","A favor","A favor"
"Canadá","Neutral","A favor","En contra"
"Canadá","A favor","A favor","A favor"
"Canadá","A favor","A favor","En contra"
"Canadá","En contra","En contra","En contra"
"Canadá","A favor","En contra","A favor"
"Canadá","A favor","Neutral","Neutral"
"Canadá","Neutral","A favor","Neutral"
"Canadá","A favor","A favor","Neutral"
"Canadá","A favor","Neutral","A favor"
"Canadá","A favor","En contra","Neutral"
"Canadá","A favor","A favor","Neutral"
"Canadá","Neutral","A favor","A favor"
"Canadá","Neutral","En contra","En contra"
"Canadá","A favor","Neutral","En contra"
"Canadá","En contra","A favor","A favor"
"Canadá","A favor","A favor","En contra"
"Canadá","En contra","A favor","En contra"
"Canadá","En contra","A favor","En contra"
"Canadá","Neutral","Neutral","Neutral"
"Canadá","A favor","A favor","A favor"
"Canadá","Neutral","Neutral","Neutral"
"Canadá","Neutral","Neutral","En contra"
"Canadá","Neutral","Neutral","A favor"
"Canadá","A favor","Neutral","A favor"
"Canadá","Neutral","En contra","A favor"
"Canadá","A favor","Neutral","A favor"
"Canadá","A favor","En contra","A favor"
"Canadá","A favor","En contra","Neutral"
"Canadá","A favor","A favor","Neutral"
"Canadá","A favor","Neutral","Neutral"
"Canadá","Neutral","En contra","A favor"
"Canadá","A favor","En contra","En contra"
"Canadá","A favor","En contra","En contra"
"Canadá","En contra","Neutral","A favor"
"Canadá","Neutral","En contra","A favor"
"Canadá","A favor","A favor","A favor"
"Canadá","Neutral","Neutral","En contra"
"Canadá","A favor","Neutral","A favor"
"Canadá","En contra","A favor","A favor"
"Canadá","En contra","A favor","En contra"
"Canadá","A favor","En contra","En contra"
"Canadá","En contra","A favor","En contra"
"Canadá","A favor","A favor","Neutral"
"Canadá","En contra","A favor","A favor"
"Canadá","A favor","Neutral","Neutral"
"Canadá","A favor","En contra","Neutral"
"España","A favor","Neutral","Neutral"
"España","A favor","Neutral","Neutral"
"España","Neutral","A favor","En contra"
"España","A favor","A favor","En contra"
"España","En contra","A favor","En contra"
"España","Neutral","A favor","En contra"
"España","Neutral","A favor","A favor"
"España","En contra","Neutral","A favor"
"España","A favor","Neutral","A favor"
"España","Neutral","Neutral","En contra"
"España","En contra","A favor","A favor"
"España","Neutral","A favor","En contra"
"España","En contra","En contra","En contra"
"España","Neutral","En contra","En contra"
"España","A favor","A favor","En contra"
"España","A favor","Neutral","A favor"
"España","A favor","A favor","A favor"
"España","A favor","Neutral","Neutral"
"España","A favor","Neutral","A favor"
"España","A favor","En contra","Neutral"
"España","Neutral","A favor","Neutral"
"España","En contra","A favor","En contra"
"España","En contra","En contra","En contra"
"España","Neutral","A favor","En contra"
"España","A favor","Neutral","Neutral"
"España","Neutral","A favor","Neutral"
"España","A favor","A favor","Neutral"
"España","Neutral","Neutral","A favor"
"España","En contra","En contra","Neutral"
"España","Neutral","Neutral","Neutral"
"España","A favor","Neutral","En contra"
"España","Neutral","En contra","En contra"
"España","A favor","En contra","A favor"
"España","Neutral","Neutral","A favor"
"España","A favor","A favor","Neutral"
"España","En contra","A favor","Neutral"
"España","Neutral","A favor","En contra"
"España","Neutral","Neutral","En contra"
"España","En contra","Neutral","A favor"
"España","En contra","Neutral","En contra"
"España","En contra","Neutral","En contra"
"España","A favor","Neutral","Neutral"
"España","A favor","A favor","A favor"
"España","A favor","En contra","Neutral"
"España","A favor","En contra","A favor"
"España","En contra","Neutral","En contra"
"España","En contra","Neutral","A favor"
"España","En contra","A favor","En contra"
"España","En contra","En contra","A favor"
"España","En contra","Neutral","Neutral"
"España","A favor","En contra","Neutral"
"España","Neutral","En contra","Neutral"
"España","En contra","A favor","Neutral"
"España","En contra","A favor","Neutral"
"España","En contra","Neutral","En contra"
"España","En contra","En contra","Neutral"
"España","En contra","A favor","En contra"
"España","Neutral","En contra","En contra"
"España","A favor","Neutral","En contra"
"España","Neutral","A favor","Neutral"
"España","A favor","En contra","A favor"
"España","Neutral","En contra","A favor"
"España","A favor","En contra","Neutral"
"España","A favor","Neutral","A favor"
"España","Neutral","Neutral","En contra"
"España","En contra","Neutral","En contra"
"España","A favor","En contra","A favor"
"España","Neutral","Neutral","En contra"
"España","A favor","En contra","En contra"
"España","Neutral","En contra","En contra"
"España","En contra","Neutral","A favor"
"España","A favor","En contra","A favor"
"España","A favor","Neutral","A favor"
"España","A favor","A favor","A favor"
"España","A favor","Neutral","A favor"
"España","A favor","Neutral","En contra"
"España","En contra","En contra","En contra"
"España","En contra","Neutral","En contra"
"España","A favor","En contra","A favor"
"España","A favor","A favor","Neutral"
"España","A favor","A favor","Neutral"
"España","En contra","A favor","Neutral"
"España","A favor","En contra","A favor"
"España","En contra","En contra","Neutral"
"España","Neutral","A favor","Neutral"
"España","En contra","Neutral","En contra"
"España","A favor","Neutral","En contra"
"España","A favor","Neutral","En contra"
"España","En contra","Neutral","A favor"
"España","En contra","En contra","En contra"
"España","En contra","Neutral","Neutral"
"España","En contra","Neutral","A favor"
"España","En contra","En contra","En contra"
"España","A favor","Neutral","A favor"
"España","En contra","Neutral","A favor"
"España","Neutral","En contra","A favor"
"España","A favor","En contra","A favor"
"España","En contra","En contra","En contra"
"España","Neutral","En contra","A favor"
"España","Neutral","Neutral","Neutral"
"Reino Unido","Neutral","En contra","En contra"
"Reino Unido","Neutral","Neutral","A favor"
"Reino Unido","Neutral","A favor","A favor"
"Reino Unido","En contra","Neutral","Neutral"
"Reino Unido","En contra","En contra","Neutral"
"Reino Unido","Neutral","En contra","A favor"
"Reino Unido","Neutral","En contra","A favor"
"Reino Unido","En contra","A favor","Neutral"
"Reino Unido","Neutral","A favor","Neutral"
"Reino Unido","A favor","Neutral","Neutral"
"Reino Unido","A favor","A favor","En contra"
"Reino Unido","En contra","A favor","A favor"
"Reino Unido","Neutral","En contra","Neutral"
"Reino Unido","A favor","A favor","En contra"
"Reino Unido","A favor","En contra","A favor"
"Reino Unido","A favor","Neutral","Neutral"
"Reino Unido","A favor","A favor","Neutral"
"Reino Unido","Neutral","Neutral","Neutral"
"Reino Unido","Neutral","Neutral","En contra"
"Reino Unido","Neutral","Neutral","En contra"
"Reino Unido","Neutral","Neutral","En contra"
"Reino Unido","Neutral","Neutral","Neutral"
"Reino Unido","A favor","Neutral","A favor"
"Reino Unido","Neutral","A favor","Neutral"
"Reino Unido","En contra","Neutral","Neutral"
"Reino Unido","En contra","En contra","Neutral"
"Reino Unido","En contra","A favor","Neutral"
"Reino Unido","En contra","En contra","En contra"
"Reino Unido","Neutral","Neutral","En contra"
"Reino Unido","En contra","En contra","Neutral"
"Reino Unido","En contra","A favor","En contra"
"Reino Unido","En contra","Neutral","Neutral"
"Reino Unido","Neutral","Neutral","Neutral"
"Reino Unido","A favor","En contra","En contra"
"Reino Unido","A favor","En contra","A favor"
"Reino Unido","A favor","Neutral","A favor"
"Reino Unido","A favor","A favor","En contra"
"Reino Unido","Neutral","En contra","Neutral"
"Reino Unido","A favor","En contra","En contra"
"Reino Unido","En contra","A favor","En contra"
"Reino Unido","Neutral","Neutral","A favor"
"Reino Unido","Neutral","En contra","A favor"
"Reino Unido","En contra","A favor","En contra"
"Reino Unido","A favor","Neutral","Neutral"
"Reino Unido","Neutral","A favor","Neutral"
"Reino Unido","Neutral","Neutral","A favor"
"Reino Unido","Neutral","Neutral","En contra"
"Reino Unido","En contra","En contra","En contra"
"Reino Unido","En contra","Neutral","Neutral"
"Reino Unido","En contra","A favor","En contra"
"Reino Unido","A favor","En contra","Neutral"
"Reino Unido","A favor","Neutral","En contra"
"Reino Unido","Neutral","Neutral","A favor"
"Reino Unido","Neutral","En contra","En contra"
"Reino Unido","En contra","En contra","A favor"
"Reino Unido","En contra","Neutral","Neutral"
"Reino Unido","A favor","Neutral","A favor"
"Reino Unido","Neutral","Neutral","En contra"
"Reino Unido","En contra","En contra","Neutral"
"Reino Unido","A favor","Neutral","En contra"
"Reino Unido","A favor","Neutral","En contra"
"Reino Unido","Neutral","Neutral","Neutral"
"Reino Unido","En contra","A favor","A favor"
"Reino Unido","A favor","Neutral","A favor"
"Reino Unido","A favor","En contra","Neutral"
"Reino Unido","En contra","En contra","Neutral"
"Reino Unido","Neutral","Neutral","En contra"
"Reino Unido","A favor","Neutral","En contra"
"Reino Unido","A favor","Neutral","A favor"
"Reino Unido","A favor","Neutral","Neutral"
"Reino Unido","A favor","A favor","Neutral"
"Reino Unido","Neutral","A favor","Neutral"
"Reino Unido","A favor","En contra","Neutral"
"Reino Unido","Neutral","En contra","En contra"
"Reino Unido","Neutral","A favor","A favor"
"Reino Unido","En contra","En contra","Neutral"
"Reino Unido","Neutral","A favor","Neutral"
"Reino Unido","En contra","A favor","En contra"
"Reino Unido","Neutral","Neutral","A favor"
"Reino Unido","Neutral","Neutral","En contra"
"Reino Unido","Neutral","Neutral","En contra"
"Reino Unido","En contra","A favor","A favor"
"Reino Unido","A favor","Neutral","Neutral"
"Reino Unido","En contra","En contra","A favor"
"Reino Unido","Neutral","En contra","A favor"
"Reino Unido","En contra","Neutral","Neutral"
"Reino Unido","Neutral","En contra","En contra"
"Reino Unido","Neutral","En contra","A favor"
"Reino Unido","Neutral","En contra","Neutral"
"Reino Unido","Neutral","A favor","En contra"
"Reino Unido","Neutral","En contra","En contra"
"Reino Unido","En contra","Neutral","A favor"
"Reino Unido","En contra","Neutral","Neutral"
"Reino Unido","Neutral","Neutral","A favor"
"Reino Unido","Neutral","A favor","En contra"
"Reino Unido","Neutral","A favor","A favor"
"Reino Unido","A favor","En contra","En contra"
"Reino Unido","En contra","A favor","Neutral"
"Reino Unido","Neutral","Neutral","En contra"
"Reino Unido","Neutral","En contra","En contra"
"Japón","Neutral","Neutral","A favor"
"Japón","A favor","A favor","Neutral"
"Japón","En contra","En contra","Neutral"
"Japón","En contra","En contra","Neutral"
"Japón","A favor","Neutral","En contra"
"Japón","Neutral","En contra","En contra"
"Japón","En contra","Neutral","Neutral"
"Japón","En contra","En contra","Neutral"
"Japón","Neutral","En contra","A favor"
"Japón","Neutral","Neutral","Neutral"
"Japón","A favor","En contra","Neutral"
"Japón","A favor","En contra","En contra"
"Japón","A favor","En contra","Neutral"
"Japón","A favor","En contra","Neutral"
"Japón","A favor","En contra","Neutral"
"Japón","En contra","A favor","A favor"
"Japón","En contra","A favor","En contra"
"Japón","En contra","En contra","En contra"
"Japón","En contra","A favor","A favor"
"Japón","Neutral","Neutral","En contra"
"Japón","A favor","Neutral","Neutral"
"Japón","Neutral","Neutral","Neutral"
"Japón","Neutral","Neutral","Neutral"
"Japón","En contra","En contra","Neutral"
"Japón","En contra","A favor","Neutral"
"Japón","A favor","A favor","En contra"
"Japón","Neutral","Neutral","En contra"
"Japón","Neutral","A favor","Neutral"
"Japón","En contra","A favor","Neutral"
"Japón","A favor","Neutral","En contra"
"Japón","En contra","Neutral","Neutral"
"Japón","En contra","A favor","Neutral"
"Japón","Neutral","Neutral","A favor"
"Japón","Neutral","A favor","Neutral"
"Japón","A favor","Neutral","En contra"
"Japón","A favor","En contra","A favor"
"Japón","Neutral","En contra","A favor"
"Japón","A favor","A favor","En contra"
"Japón","A favor","Neutral","En contra"
"Japón","Neutral","A favor","A favor"
"Japón","A favor","A favor","Neutral"
"Japón","En contra","En contra","A favor"
"Japón","Neutral","A favor","Neutral"
"Japón","En contra","En contra","A favor"
"Japón","Neutral","Neutral","Neutral"
"Japón","A favor","A favor","En contra"
"Japón","A favor","Neutral","Neutral"
"Japón","Neutral","Neutral","Neutral"
"Japón","A favor","A favor","A favor"
"Japón","Neutral","A favor","Neutral"
"Japón","A favor","En contra","A favor"
"Japón","A favor","En contra","Neutral"
"Japón","En contra","A favor","A favor"
"Japón","A favor","Neutral","En contra"
"Japón","En contra","Neutral","En contra"
"Japón","A favor","En contra","A favor"
"Japón","Neutral","En contra","Neutral"
"Japón","A favor","A favor","A favor"
"Japón","Neutral","Neutral","En contra"
"Japón","A favor","Neutral","Neutral"
"Japón","En contra","Neutral","A favor"
"Japón","Neutral","Neutral","En contra"
"Japón","En contra","En contra","A favor"
"Japón","A favor","Neutral","En contra"
"Japón","A favor","A favor","En contra"
"Japón","En contra","En contra","En contra"
"Japón","Neutral","Neutral","A favor"
"Japón","En contra","En contra","A favor"
"Japón","En contra","En contra","Neutral"
"Japón","En contra","En contra","Neutral"
"Japón","Neutral","Neutral","En contra"
"Japón","Neutral","En contra","Neutral"
"Japón","A favor","Neutral","En contra"
"Japón","En contra","Neutral","A favor"
"Japón","Neutral","En contra","Neutral"
"Japón","A favor","Neutral","En contra"
"Japón","A favor","Neutral","En contra"
"Japón","A favor","A favor","En contra"
"Japón","Neutral","En contra","En contra"
"Japón","Neutral","A favor","Neutral"
"Japón","En contra","A favor","Neutral"
"Japón","A favor","Neutral","A favor"
"Japón","Neutral","Neutral","A favor"
"Japón","A favor","En contra","En contra"
"Japón","Neutral","En contra","En contra"
"Japón","En contra","Neutral","A favor"
"Japón","A favor","Neutral","A favor"
"Japón","Neutral","Neutral","En contra"
"Japón","En contra","En contra","Neutral"
"Japón","A favor","Neutral","Neutral"
"Japón","En contra","En contra","A favor"
"Japón","En contra","Neutral","A favor"
"Japón","En contra","En contra","En contra"
"Japón","A favor","En contra","Neutral"
"Japón","Neutral","Neutral","A favor"
"Japón","Neutral","A favor","En contra"
"Japón","Neutral","En contra","A favor"
"Japón","En contra","A favor","En contra"
"Japón","En contra","A favor","Neutral"
"Japón","Neutral","En contra","A favor"
"Brasil","Neutral","A favor","Neutral"
"Brasil","Neutral","En contra","En contra"
"Brasil","Neutral","En contra","Neutral"
"Brasil","A favor","En contra","Neutral"
"Brasil","En contra","Neutral","A favor"
"Brasil","En contra","A favor","En contra"
"Brasil","En contra","En contra","En contra"
"Brasil","En contra","A favor","En contra"
"Brasil","En contra","A favor","En contra"
"Brasil","Neutral","Neutral","A favor"
"Brasil","En contra","A favor","En contra"
"Brasil","A favor","En contra","Neutral"
"Brasil","A favor","En contra","En contra"
"Brasil","A favor","A favor","En contra"
"Brasil","Neutral","Neutral","En contra"
"Brasil","A favor","Neutral","En contra"
"Brasil","En contra","En contra","A favor"
"Brasil","Neutral","En contra","A favor"
"Brasil","Neutral","Neutral","A favor"
"Brasil","Neutral","A favor","Neutral"
"Brasil","En contra","Neutral","En contra"
"Brasil","Neutral","A favor","Neutral"
"Brasil","Neutral","A favor","Neutral"
"Brasil","Neutral","A favor","Neutral"
"Brasil","En contra","A favor","A favor"
"Brasil","A favor","A favor","En contra"
"Brasil","Neutral","A favor","A favor"
"Brasil","Neutral","A favor","Neutral"
"Brasil","Neutral","Neutral","Neutral"
"Brasil","A favor","En contra","A favor"
"Brasil","A favor","A favor","En contra"
"Brasil","Neutral","A favor","A favor"
"Brasil","A favor","A favor","Neutral"
"Brasil","Neutral","Neutral","A favor"
"Brasil","En contra","Neutral","Neutral"
"Brasil","A favor","A favor","A favor"
"Brasil","A favor","A favor","Neutral"
"Brasil","A favor","En contra","Neutral"
"Brasil","En contra","Neutral","Neutral"
"Brasil","A favor","En contra","En contra"
"Brasil","En contra","A favor","Neutral"
"Brasil","Neutral","Neutral","A favor"
"Brasil","Neutral","Neutral","Neutral"
"Brasil","Neutral","A favor","A favor"
"Brasil","En contra","A favor","En contra"
"Brasil","En contra","Neutral","En contra"
"Brasil","Neutral","A favor","A favor"
"Brasil","Neutral","En contra","Neutral"
"Brasil","Neutral","Neutral","En contra"
"Brasil","A favor","A favor","En contra"
"Brasil","Neutral","En contra","Neutral"
"Brasil","A favor","A favor","Neutral"
"Brasil","Neutral","Neutral","A favor"
"Brasil","Neutral","En contra","En contra"
"Brasil","A favor","A favor","En contra"
"Brasil","Neutral","En contra","A favor"
"Brasil","A favor","A favor","A favor"
"Brasil","En contra","Neutral","En contra"
"Brasil","En contra","A favor","A favor"
"Brasil","A favor","En contra","Neutral"
"Brasil","Neutral","A favor","A favor"
"Brasil","Neutral","En contra","A favor"
"Brasil","A favor","En contra","Neutral"
"Brasil","En contra","A favor","A favor"
"Brasil","Neutral","Neutral","En contra"
"Brasil","A favor","Neutral","En contra"
"Brasil","En contra","A favor","En contra"
"Brasil","Neutral","En contra","En contra"
"Brasil","En contra","Neutral","A favor"
"Brasil","En contra","En contra","En contra"
"Brasil","Neutral","A favor","Neutral"
"Brasil","En contra","En contra","En contra"
"Brasil","En contra","A favor","En contra"
"Brasil","A favor","Neutral","En contra"
"Brasil","En contra","A favor","En contra"
"Brasil","En contra","A favor","Neutral"
"Brasil","Neutral","A favor","En contra"
"Brasil","En contra","A favor","Neutral"
"Brasil","En contra","Neutral","A favor"
"Brasil","En contra","Neutral","A favor"
"Brasil","En contra","Neutral","A favor"
"Brasil","En contra","En contra","En contra"
"Brasil","Neutral","En contra","Neutral"
"Brasil","En contra","En contra","A favor"
"Brasil","Neutral","A favor","En contra"
"Brasil","En contra","Neutral","Neutral"
"Brasil","Neutral","Neutral","A favor"
"Brasil","Neutral","Neutral","En contra"
"Brasil","A favor","En contra","A favor"
"Brasil","A favor","A favor","A favor"
"Brasil","A favor","A favor","En contra"
"Brasil","Neutral","Neutral","A favor"
"Brasil","Neutral","A favor","Neutral"
"Brasil","Neutral","Neutral","A favor"
"Brasil","En contra","En contra","En contra"
"Brasil","En contra","A favor","Neutral"
"Brasil","En contra","A favor","En contra"
"Brasil","En contra","En contra","A favor"
"Brasil","Neutral","En contra","A favor"
"Brasil","Neutral","Neutral","A favor"
"Alemania","Neutral","A favor","A favor"
"Alemania","A favor","En contra","Neutral"
"Alemania","En contra","A favor","Neutral"
"Alemania","Neutral","En contra","En contra"
"Alemania","En contra","A favor","Neutral"
"Alemania","Neutral","En contra","En contra"
"Alemania","A favor","Neutral","Neutral"
"Alemania","En contra","En contra","A favor"
"Alemania","A favor","A favor","Neutral"
"Alemania","A favor","En contra","A favor"
"Alemania","En contra","A favor","Neutral"
"Alemania","A favor","A favor","Neutral"
"Alemania","A favor","Neutral","En contra"
"Alemania","A favor","Neutral","En contra"
"Alemania","En contra","Neutral","En contra"
"Alemania","En contra","Neutral","En contra"
"Alemania","En contra","Neutral","En contra"
"Alemania","En contra","A favor","A favor"
"Alemania","En contra","En contra","En contra"
"Alemania","A favor","En contra","Neutral"
"Alemania","A favor","Neutral","A favor"
"Alemania","Neutral","Neutral","A favor"
"Alemania","Neutral","Neutral","A favor"
"Alemania","A favor","En contra","Neutral"
"Alemania","Neutral","Neutral","En contra"
"Alemania","En contra","A favor","A favor"
"Alemania","A favor","A favor","A favor"
"Alemania","Neutral","En contra","A favor"
"Alemania","En contra","Neutral","Neutral"
"Alemania","A favor","A favor","Neutral"
"Alemania","Neutral","A favor","En contra"
"Alemania","En contra","A favor","En contra"
"Alemania","En contra","Neutral","A favor"
"Alemania","En contra","En contra","En contra"
"Alemania","A favor","A favor","A favor"
"Alemania","En contra","A favor","A favor"
"Alemania","Neutral","A favor","En contra"
"Alemania","Neutral","A favor","En contra"
"Alemania","A favor","En contra","Neutral"
"Alemania","En contra","Neutral","A favor"
"Alemania","A favor","Neutral","A favor"
"Alemania","En contra","A favor","En contra"
"Alemania","A favor","Neutral","Neutral"
"Alemania","A favor","A favor","Neutral"
"Alemania","A favor","Neutral","A favor"
"Alemania","A favor","En contra","A favor"
"Alemania","Neutral","Neutral","En contra"
"Alemania","Neutral","Neutral","A favor"
"Alemania","Neutral","A favor","A favor"
"Alemania","A favor","Neutral","Neutral"
"Alemania","En contra","En contra","Neutral"
"Alemania","En contra","A favor","Neutral"
"Alemania","Neutral","En contra","Neutral"
"Alemania","Neutral","Neutral","A favor"
"Alemania","A favor","A favor","En contra"
"Alemania","En contra","A favor","Neutral"
"Alemania","A favor","Neutral","En contra"
"Alemania","En contra","A favor","A favor"
"Alemania","En contra","A favor","A favor"
"Alemania","A favor","A favor","A favor"
"Alemania","A favor","En contra","A favor"
"Alemania","Neutral","En contra","En contra"
"Alemania","En contra","Neutral","A favor"
"Alemania","A favor","Neutral","En contra"
"Alemania","En contra","Neutral","En contra"
"Alemania","En contra","En contra","Neutral"
"Alemania","A favor","En contra","Neutral"
"Alemania","A favor","A favor","En contra"
"Alemania","A favor","A favor","Neutral"
"Alemania","A favor","A favor","A favor"
"Alemania","Neutral","A favor","En contra"
"Alemania","A favor","Neutral","A favor"
"Alemania","Neutral","Neutral","En contra"
"Alemania","A favor","A favor","Neutral"
"Alemania","A favor","En contra","Neutral"
"Alemania","A favor","Neutral","Neutral"
"Alemania","Neutral","Neutral","Neutral"
"Alemania","A favor","Neutral","A favor"
"Alemania","En contra","En contra","En contra"
"Alemania","Neutral","En contra","Neutral"
"Alemania","A favor","Neutral","A favor"
"Alemania","Neutral","En contra","En contra"
"Alemania","Neutral","En contra","En contra"
"Alemania","A favor","En contra","Neutral"
"Alemania","En contra","Neutral","Neutral"
"Alemania","Neutral","En contra","A favor"
"Alemania","En contra","A favor","A favor"
"Alemania","Neutral","A favor","En contra"
"Alemania","Neutral","A favor","A favor"
"Alemania","Neutral","A favor","En contra"
"Alemania","Neutral","Neutral","A favor"
"Alemania","Neutral","Neutral","A favor"
"Alemania","En contra","A favor","En contra"
"Alemania","Neutral","Neutral","A favor"
"Alemania","A favor","En contra","A favor"
"Alemania","A favor","A favor","En contra"
"Alemania","En contra","En contra","A favor"
"Alemania","A favor","Neutral","A favor"
"Alemania","Neutral","Neutral","A favor"
"Alemania","Neutral","A favor","En contra"
"Francia","En contra","En contra","En contra"
"Francia","Neutral","A favor","En contra"
"Francia","En contra","En contra","Neutral"
"Francia","Neutral","En contra","A favor"
"Francia","Neutral","En contra","En contra"
"Francia","A favor","Neutral","A favor"
"Francia","Neutral","En contra","A favor"
"Francia","Neutral","A favor","Neutral"
"Francia","En contra","Neutral","A favor"
"Francia","En contra","En contra","A favor"
"Francia","Neutral","A favor","A favor"
"Francia","A favor","Neutral","A favor"
"Francia","Neutral","Neutral","A favor"
"Francia","Neutral","Neutral","A favor"
"Francia","A favor","Neutral","Neutral"
"Francia","En contra","A favor","En contra"
"Francia","Neutral","Neutral","En contra"
"Francia","En contra","En contra","En contra"
"Francia","A favor","En contra","A favor"
"Francia","Neutral","Neutral","En contra"
"Francia","En contra","Neutral","Neutral"
"Francia","A favor","En contra","En contra"
"Francia","Neutral","Neutral","A favor"
"Francia","Neutral","En contra","A favor"
"Francia","En contra","Neutral","En contra"
"Francia","Neutral","Neutral","En contra"
"Francia","A favor","En contra","En contra"
"Francia","Neutral","Neutral","A favor"
"Francia","Neutral","En contra","En contra"
"Francia","A favor","A favor","Neutral"
"Francia","Neutral","Neutral","En contra"
"Francia","A favor","Neutral","Neutral"
"Francia","A favor","En contra","En contra"
"Francia","En contra","En contra","Neutral"
"Francia","A favor","A favor","En contra"
"Francia","Neutral","En contra","En contra"
"Francia","Neutral","A favor","En contra"
"Francia","Neutral","A favor","A favor"
"Francia","Neutral","A favor","En contra"
"Francia","Neutral","A favor","En contra"
"Francia","Neutral","Neutral","Neutral"
"Francia","A favor","En contra","Neutral"
"Francia","Neutral","Neutral","A favor"
"Francia","A favor","A favor","A favor"
"Francia","En contra","Neutral","A favor"
"Francia","A favor","En contra","A favor"
"Francia","A favor","En contra","A favor"
"Francia","A favor","Neutral","A favor"
"Francia","A favor","A favor","Neutral"
"Francia","En contra","En contra","Neutral"
"Francia","A favor","Neutral","A favor"
"Francia","A favor","En contra","En contra"
"Francia","En contra","En contra","En contra"
"Francia","Neutral","Neutral","En contra"
"Francia","Neutral","Neutral","Neutral"
"Francia","A favor","Neutral","Neutral"
"Francia","En contra","Neutral","A favor"
"Francia","A favor","A favor","En contra"
"Francia","En contra","Neutral","En contra"
"Francia","A favor","A favor","A favor"
"Francia","A favor","A favor","En contra"
"Francia","En contra","A favor","En contra"
"Francia","En contra","Neutral","En contra"
"Francia","A favor","Neutral","En contra"
"Francia","En contra","A favor","En contra"
"Francia","En contra","Neutral","A favor"
"Francia","A favor","Neutral","A favor"
"Francia","A favor","En contra","En contra"
"Francia","En contra","Neutral","Neutral"
"Francia","A favor","Neutral","A favor"
"Francia","A favor","A favor","A favor"
"Francia","En contra","A favor","Neutral"
"Francia","A favor","A favor","Neutral"
"Francia","Neutral","Neutral","Neutral"
"Francia","A favor","En contra","En contra"
"Francia","A favor","A favor","A favor"
"Francia","A favor","Neutral","Neutral"
"Francia","En contra","A favor","En contra"
"Francia","A favor","En contra","En contra"
"Francia","A favor","En contra","Neutral"
"Francia","Neutral","Neutral","A favor"
"Francia","En contra","A favor","En contra"
"Francia","En contra","En contra","Neutral"
"Francia","A favor","A favor","A favor"
"Francia","En contra","En contra","Neutral"
"Francia","En contra","A favor","Neutral"
"Francia","En contra","En contra","En contra"
"Francia","Neutral","Neutral","Neutral"
"Francia","En contra","A favor","En contra"
"Francia","A favor","Neutral","Neutral"
"Francia","En contra","En contra","En contra"
"Francia","En contra","Neutral","A favor"
"Francia","A favor","En contra","A favor"
"Francia","A favor","Neutral","A favor"
"Francia","En contra","Neutral","Neutral"
"Francia","En contra","Neutral","En contra"
"Francia","En contra","Neutral","A favor"
"Francia","En contra","A favor","Neutral"
"Francia","En contra","En contra","A favor"
"Francia","A favor","A favor","A favor"
"Australia","A favor","En contra","A favor"
"Australia","A favor","Neutral","A favor"
"Australia","Neutral","Neutral","A favor"
"Australia","A favor","Neutral","A favor"
"Australia","En contra","A favor","En contra"
"Australia","En contra","Neutral","Neutral"
"Australia","En contra","En contra","Neutral"
"Australia","A favor","Neutral","Neutral"
"Australia","A favor","A favor","A favor"
"Australia","En contra","A favor","A favor"
"Australia","A favor","Neutral","A favor"
"Australia","En contra","A favor","A favor"
"Australia","A favor","A favor","En contra"
"Australia","En contra","En contra","Neutral"
"Australia","En contra","A favor","A favor"
"Australia","Neutral","En contra","A favor"
"Australia","A favor","Neutral","Neutral"
"Australia","En contra","A favor","Neutral"
"Australia","En contra","Neutral","A favor"
"Australia","En contra","A favor","En contra"
"Australia","A favor","A favor","Neutral"
"Australia","En contra","A favor","En contra"
"Australia","A favor","A favor","A favor"
"Australia","En contra","A favor","En contra"
"Australia","Neutral","Neutral","Neutral"
"Australia","En contra","Neutral","En contra"
"Australia","En contra","Neutral","Neutral"
"Australia","A favor","A favor","Neutral"
"Australia","Neutral","En contra","En contra"
"Australia","Neutral","En contra","En contra"
"Australia","En contra","En contra","Neutral"
"Australia","Neutral","En contra","Neutral"
"Australia","Neutral","A favor","A favor"
"Australia","En contra","A favor","Neutral"
"Australia","A favor","En contra","Neutral"
"Australia","En contra","A favor","En contra"
"Australia","Neutral","A favor","A favor"
"Australia","Neutral","Neutral","En contra"
"Australia","Neutral","Neutral","En contra"
"Australia","En contra","A favor","A favor"
"Australia","A favor","Neutral","A favor"
"Australia","Neutral","En contra","Neutral"
"Australia","En contra","Neutral","En contra"
"Australia","A favor","A favor","Neutral"
"Australia","A favor","En contra","Neutral"
"Australia","Neutral","En contra","En contra"
"Australia","Neutral","A favor","En contra"
"Australia","En contra","Neutral","En contra"
"Australia","En contra","Neutral","En contra"
"Australia","Neutral","En contra","A favor"
"Australia","A favor","A favor","En contra"
"Australia","A favor","En contra","Neutral"
"Australia","Neutral","En contra","Neutral"
"Australia","A favor","En contra","Neutral"
"Australia","A favor","En contra","Neutral"
"Australia","Neutral","A favor","En contra"
"Australia","Neutral","En contra","En contra"
"Australia","A favor","En contra","En contra"
"Australia","Neutral","Neutral","Neutral"
"Australia","En contra","Neutral","A favor"
"Australia","En contra","Neutral","Neutral"
"Australia","En contra","En contra","En contra"
"Australia","En contra","En contra","Neutral"
"Australia","A favor","A favor","En contra"
"Australia","Neutral","A favor","Neutral"
"Australia","En contra","En contra","A favor"
"Australia","Neutral","Neutral","A favor"
"Australia","En contra","Neutral","Neutral"
"Australia","Neutral","A favor","Neutral"
"Australia","A favor","Neutral","A favor"
"Australia","A favor","Neutral","En contra"
"Australia","Neutral","En contra","Neutral"
"Australia","En contra","En contra","En contra"
"Australia","En contra","En contra","A favor"
"Australia","Neutral","Neutral","Neutral"
"Australia","Neutral","Neutral","Neutral"
"Australia","En contra","A favor","Neutral"
"Australia","A favor","Neutral","En contra"
"Australia","En contra","Neutral","Neutral"
"Australia","Neutral","En contra","En contra"
"Australia","Neutral","A favor","En contra"
"Australia","En contra","A favor","En contra"
"Australia","A favor","A favor","En contra"
"Australia","En contra","A favor","A favor"
"Australia","A favor","A favor","A favor"
"Australia","Neutral","A favor","Neutral"
"Australia","En contra","A favor","En contra"
"Australia","Neutral","Neutral","Neutral"
"Australia","A favor","Neutral","Neutral"
"Australia","A favor","Neutral","Neutral"
"Australia","En contra","A favor","Neutral"
"Australia","A favor","A favor","En contra"
"Australia","En contra","A favor","En contra"
"Australia","A favor","A favor","Neutral"
"Australia","A favor","En contra","A favor"
"Australia","En contra","En contra","Neutral"
"Australia","A favor","Neutral","Neutral"
"Australia","A favor","En contra","A favor"
"Australia","En contra","Neutral","En contra"
"Australia","Neutral","A favor","A favor"
"Estados Unidos","A favor","En contra","A favor"
"Estados Unidos","A favor","En contra","Neutral"
"Estados Unidos","Neutral","En contra","Neutral"
"Estados Unidos","Neutral","En contra","Neutral"
"Estados Unidos","Neutral","En contra","Neutral"
"Estados Unidos","Neutral","A favor","En contra"
"Estados Unidos","En contra","En contra","Neutral"
"Estados Unidos","A favor","A favor","Neutral"
"Estados Unidos","A favor","Neutral","En contra"
"Estados Unidos","A favor","En contra","Neutral"
"Estados Unidos","A favor","En contra","En contra"
"Estados Unidos","A favor","En contra","En contra"
"Estados Unidos","A favor","Neutral","Neutral"
"Estados Unidos","A favor","Neutral","A favor"
"Estados Unidos","Neutral","Neutral","A favor"
"Estados Unidos","A favor","En contra","Neutral"
"Estados Unidos","A favor","Neutral","Neutral"
"Estados Unidos","En contra","A favor","Neutral"
"Estados Unidos","Neutral","A favor","A favor"
"Estados Unidos","Neutral","Neutral","En contra"
"Estados Unidos","A favor","Neutral","Neutral"
"Estados Unidos","A favor","En contra","A favor"
"Estados Unidos","En contra","En contra","A favor"
"Estados Unidos","Neutral","Neutral","En contra"
"Estados Unidos","Neutral","Neutral","Neutral"
"Estados Unidos","A favor","En contra","Neutral"
"Estados Unidos","A favor","Neutral","En contra"
"Estados Unidos","En contra","A favor","En contra"
"Estados Unidos","Neutral","A favor","En contra"
"Estados Unidos","Neutral","Neutral","A favor"
"Estados Unidos","A favor","En contra","Neutral"
"Estados Unidos","Neutral","Neutral","A favor"
"Estados Unidos","En contra","Neutral","Neutral"
"Estados Unidos","En contra","En contra","Neutral"
"Estados Unidos","A favor","Neutral","En contra"
"Estados Unidos","A favor","En contra","A favor"
"Estados Unidos","En contra","Neutral","A favor"
"Estados Unidos","En contra","En contra","A favor"
"Estados Unidos","A favor","Neutral","A favor"
"Estados Unidos","En contra","A favor","En contra"
"Estados Unidos","En contra","A favor","En contra"
"Estados Unidos","En contra","A favor","Neutral"
"Estados Unidos","Neutral","En contra","Neutral"
"Estados Unidos","En contra","A favor","Neutral"
"Estados Unidos","En contra","A favor","En contra"
"Estados Unidos","Neutral","En contra","A favor"
"Estados Unidos","A favor","A favor","A favor"
"Estados Unidos","A favor","Neutral","A favor"
"Estados Unidos","Neutral","Neutral","En contra"
"Estados Unidos","A favor","En contra","Neutral"
"Estados Unidos","Neutral","En contra","En contra"
"Estados Unidos","A favor","Neutral","En contra"
"Estados Unidos","A favor","A favor","Neutral"
"Estados Unidos","En contra","En contra","En contra"
"Estados Unidos","Neutral","En contra","Neutral"
"Estados Unidos","A favor","En contra","Neutral"
"Estados Unidos","Neutral","En contra","En contra"
"Estados Unidos","A favor","A favor","Neutral"
"Estados Unidos","En contra","En contra","A favor"
"Estados Unidos","A favor","A favor","En contra"
"Estados Unidos","En contra","En contra","En contra"
"Estados Unidos","A favor","A favor","En contra"
"Estados Unidos","A favor","A favor","En contra"
"Estados Unidos","Neutral","Neutral","En contra"
"Estados Unidos","A favor","Neutral","En contra"
"Estados Unidos","A favor","Neutral","A favor"
"Estados Unidos","A favor","Neutral","A favor"
"Estados Unidos","A favor","Neutral","Neutral"
"Estados Unidos","En contra","Neutral","A favor"
"Estados Unidos","Neutral","En contra","En contra"
"Estados Unidos","A favor","A favor","En contra"
"Estados Unidos","Neutral","Neutral","Neutral"
"Estados Unidos","Neutral","A favor","En contra"
"Estados Unidos","Neutral","A favor","Neutral"
"Estados Unidos","Neutral","En contra","Neutral"
"Estados Unidos","En contra","Neutral","Neutral"
"Estados Unidos","Neutral","A favor","A favor"
"Estados Unidos","Neutral","A favor","A favor"
"Estados Unidos","En contra","A favor","Neutral"
"Estados Unidos","En contra","En contra","En contra"
"Estados Unidos","Neutral","Neutral","Neutral"
"Estados Unidos","A favor","A favor","A favor"
"Estados Unidos","En contra","En contra","Neutral"
"Estados Unidos","En contra","En contra","A favor"
"Estados Unidos","Neutral","A favor","Neutral"
"Estados Unidos","A favor","En contra","Neutral"
"Estados Unidos","Neutral","A favor","Neutral"
"Estados Unidos","Neutral","A favor","Neutral"
"Estados Unidos","A favor","Neutral","Neutral"
"Estados Unidos","A favor","A favor","A favor"
"Estados Unidos","En contra","Neutral","En contra"
"Estados Unidos","Neutral","En contra","En contra"
"Estados Unidos","A favor","Neutral","A favor"
"Estados Unidos","A favor","A favor","Neutral"
"Estados Unidos","Neutral","En contra","En contra"
"Estados Unidos","A favor","Neutral","A favor"
"Estados Unidos","En contra","En contra","Neutral"
"Estados Unidos","Neutral","A favor","En contra"
"Estados Unidos","Neutral","En contra","Neutral"
"Estados Unidos","En contra","Neutral","En contra"
